Iteration,0-0,0-1,0-2
0,0.2015625,0.0,0.33203125
1,0.44080437952213597,0.0,0.559195620477864
2,0.6987116989525765,0.0,0.3012883010474235
3,0.7471895977914975,0.0,0.2528104022085024
4,0.7471895977914975,0.0,0.2528104022085024
5,0.7471895977914975,0.0,0.2528104022085024
6,0.7471895977914975,0.0,0.2528104022085024
7,0.7471895977914975,0.0,0.2528104022085024
8,0.7471895977914975,0.0,0.2528104022085024
9,0.7471895977914975,0.0,0.2528104022085024
