Iteration,0-0,0-1,0-2
0,0.134375,0.0,0.33203125
1,0.35794305353705946,0.0,0.6420569464629405
2,0.3579176346752247,0.0,0.6420823653247753
3,0.3576575740538873,0.0,0.6423424259461127
4,0.35689909958876515,0.0,0.6431009004112348
5,0.346714834016422,0.0,0.6532851659835781
6,0.346714834016422,0.0,0.6532851659835781
7,0.346714834016422,0.0,0.6532851659835781
8,0.346714834016422,0.0,0.6532851659835781
9,0.346714834016422,0.0,0.6532851659835781
