Iteration,0-0,0-1
0,1.0,1.0
1,0.4688954793756447,0.5311045206243552
2,0.4056720833891431,0.5943279166108569
3,0.32718609826316497,0.6728139017368351
4,0.1654333364896695,0.8345666635103304
5,0.06435643564356433,0.9356435643564357
6,0.06435643564356433,0.9356435643564357
7,0.06435643564356433,0.9356435643564357
8,0.06435643564356433,0.9356435643564357
9,0.06435643564356433,0.9356435643564357
